<?xml version = "1.0" encoding = "UTF-8" standalone = "yes"?>
<TimelineLine_Prefs STK_version = "12.6.0">
    <Views Type = "Content">
        <ContentView Name = "Scenario Availability">
            <Row ClassName = "Access" ComponentName = "AccessIntervals" DisplayName = "Satellite-OirthirSAT-Sensor-MultiScape50-To-AreaTarget-United_Kingdom AccessIntervals" IsDefaultName = "True" IsExpanded = "False" IsGroup = "False" IsHidden = "False" Path = "Access:/Application/STK/Scenario/OirthirSAT/Satellite/OirthirSAT/Sensor/MultiScape50;/Application/STK/Scenario/OirthirSAT/AreaTarget/United_Kingdom" Type = "IntervalList" />
            <Row ClassName = "Access" ComponentName = "AccessIntervals" DisplayName = "Satellite-OirthirSAT-Sensor-MultiScape50-To-Facility-Dundee_Satellite_Station AccessIntervals" IsDefaultName = "True" IsExpanded = "False" IsGroup = "False" IsHidden = "False" Path = "Access:/Application/STK/Scenario/OirthirSAT/Satellite/OirthirSAT/Sensor/MultiScape50;/Application/STK/Scenario/OirthirSAT/Facility/Dundee_Satellite_Station" Type = "IntervalList" />
            <Row ClassName = "Access" ComponentName = "AccessIntervals" DisplayName = "Satellite-OirthirSAT-Sensor-MultiScape50-To-Facility-Dundee_Satellite_Station-Sensor-S_Band AccessIntervals" IsDefaultName = "True" IsExpanded = "False" IsGroup = "False" IsHidden = "False" Path = "Access:/Application/STK/Scenario/OirthirSAT/Satellite/OirthirSAT/Sensor/MultiScape50;/Application/STK/Scenario/OirthirSAT/Facility/Dundee_Satellite_Station/Sensor/S_Band" Type = "IntervalList" />
            <Row ClassName = "Access" ComponentName = "AccessIntervals" DisplayName = "Facility-Dundee_Satellite_Station-To-Satellite-OirthirSAT AccessIntervals" IsDefaultName = "True" IsExpanded = "False" IsGroup = "False" IsHidden = "False" Path = "Access:/Application/STK/Scenario/OirthirSAT/Facility/Dundee_Satellite_Station;/Application/STK/Scenario/OirthirSAT/Satellite/OirthirSAT" Type = "IntervalList">
                <Interval Name = "Facility-Dundee_Satellite_Station-To-Satellite-OirthirSAT AccessIntervals" StartTime = "16 May 2024 00:01:32.187" StopTime = "16 May 2024 00:13:02.059" />
                <Interval Name = "Facility-Dundee_Satellite_Station-To-Satellite-OirthirSAT AccessIntervals" StartTime = "16 May 2024 01:36:14.730" StopTime = "16 May 2024 01:44:23.385" />
                <Interval Name = "Facility-Dundee_Satellite_Station-To-Satellite-OirthirSAT AccessIntervals" StartTime = "16 May 2024 07:43:11.400" StopTime = "16 May 2024 07:52:12.087" />
                <Interval Name = "Facility-Dundee_Satellite_Station-To-Satellite-OirthirSAT AccessIntervals" StartTime = "16 May 2024 09:15:02.140" StopTime = "16 May 2024 09:26:48.122" />
                <Interval Name = "Facility-Dundee_Satellite_Station-To-Satellite-OirthirSAT AccessIntervals" StartTime = "16 May 2024 10:49:38.638" StopTime = "16 May 2024 11:00:48.346" />
                <Interval Name = "Facility-Dundee_Satellite_Station-To-Satellite-OirthirSAT AccessIntervals" StartTime = "16 May 2024 12:28:54.043" StopTime = "16 May 2024 12:32:35.285" />
                <Interval Name = "Facility-Dundee_Satellite_Station-To-Satellite-OirthirSAT AccessIntervals" StartTime = "16 May 2024 20:40:44.528" StopTime = "16 May 2024 20:44:58.458" />
                <Interval Name = "Facility-Dundee_Satellite_Station-To-Satellite-OirthirSAT AccessIntervals" StartTime = "16 May 2024 22:12:43.579" StopTime = "16 May 2024 22:23:57.462" />
                <Interval Name = "Facility-Dundee_Satellite_Station-To-Satellite-OirthirSAT AccessIntervals" StartTime = "16 May 2024 23:46:45.068" StopTime = "16 May 2024 23:58:29.099" />
                <Interval Name = "Facility-Dundee_Satellite_Station-To-Satellite-OirthirSAT AccessIntervals" StartTime = "17 May 2024 01:21:22.008" StopTime = "17 May 2024 01:30:15.582" />
                <Interval Name = "Facility-Dundee_Satellite_Station-To-Satellite-OirthirSAT AccessIntervals" StartTime = "17 May 2024 07:29:02.872" StopTime = "17 May 2024 07:37:19.592" />
                <Interval Name = "Facility-Dundee_Satellite_Station-To-Satellite-OirthirSAT AccessIntervals" StartTime = "17 May 2024 09:00:28.521" StopTime = "17 May 2024 09:12:01.136" />
                <Interval Name = "Facility-Dundee_Satellite_Station-To-Satellite-OirthirSAT AccessIntervals" StartTime = "17 May 2024 10:34:37.082" StopTime = "17 May 2024 10:46:08.326" />
                <Interval Name = "Facility-Dundee_Satellite_Station-To-Satellite-OirthirSAT AccessIntervals" StartTime = "17 May 2024 12:12:36.916" StopTime = "17 May 2024 12:18:46.105" />
                <Interval Name = "Facility-Dundee_Satellite_Station-To-Satellite-OirthirSAT AccessIntervals" StartTime = "17 May 2024 21:58:05.171" StopTime = "17 May 2024 22:08:51.380" />
                <Interval Name = "Facility-Dundee_Satellite_Station-To-Satellite-OirthirSAT AccessIntervals" StartTime = "17 May 2024 23:31:58.718" StopTime = "17 May 2024 23:43:52.203" />
                <Interval Name = "Facility-Dundee_Satellite_Station-To-Satellite-OirthirSAT AccessIntervals" StartTime = "18 May 2024 01:06:30.495" StopTime = "18 May 2024 01:16:03.620" />
                <Interval Name = "Facility-Dundee_Satellite_Station-To-Satellite-OirthirSAT AccessIntervals" StartTime = "18 May 2024 02:42:05.877" StopTime = "18 May 2024 02:45:10.899" />
                <Interval Name = "Facility-Dundee_Satellite_Station-To-Satellite-OirthirSAT AccessIntervals" StartTime = "18 May 2024 07:14:58.739" StopTime = "18 May 2024 07:22:25.574" />
                <Interval Name = "Facility-Dundee_Satellite_Station-To-Satellite-OirthirSAT AccessIntervals" StartTime = "18 May 2024 08:45:58.789" StopTime = "18 May 2024 08:57:13.402" />
                <Interval Name = "Facility-Dundee_Satellite_Station-To-Satellite-OirthirSAT AccessIntervals" StartTime = "18 May 2024 10:19:40.542" StopTime = "18 May 2024 10:31:26.708" />
                <Interval Name = "Facility-Dundee_Satellite_Station-To-Satellite-OirthirSAT AccessIntervals" StartTime = "18 May 2024 11:56:48.951" StopTime = "18 May 2024 12:04:32.065" />
                <Interval Name = "Facility-Dundee_Satellite_Station-To-Satellite-OirthirSAT AccessIntervals" StartTime = "18 May 2024 21:43:29.211" StopTime = "18 May 2024 21:53:39.244" />
                <Interval Name = "Facility-Dundee_Satellite_Station-To-Satellite-OirthirSAT AccessIntervals" StartTime = "18 May 2024 23:17:13.192" StopTime = "18 May 2024 23:29:11.279" />
                <Interval Name = "Facility-Dundee_Satellite_Station-To-Satellite-OirthirSAT AccessIntervals" StartTime = "19 May 2024 00:51:39.977" StopTime = "19 May 2024 01:01:47.666" />
                <Interval Name = "Facility-Dundee_Satellite_Station-To-Satellite-OirthirSAT AccessIntervals" StartTime = "19 May 2024 02:26:53.385" StopTime = "19 May 2024 02:31:34.557" />
                <Interval Name = "Facility-Dundee_Satellite_Station-To-Satellite-OirthirSAT AccessIntervals" StartTime = "19 May 2024 07:00:59.517" StopTime = "19 May 2024 07:07:29.441" />
                <Interval Name = "Facility-Dundee_Satellite_Station-To-Satellite-OirthirSAT AccessIntervals" StartTime = "19 May 2024 08:31:32.924" StopTime = "19 May 2024 08:42:24.935" />
                <Interval Name = "Facility-Dundee_Satellite_Station-To-Satellite-OirthirSAT AccessIntervals" StartTime = "19 May 2024 10:04:48.684" StopTime = "19 May 2024 10:16:43.768" />
                <Interval Name = "Facility-Dundee_Satellite_Station-To-Satellite-OirthirSAT AccessIntervals" StartTime = "19 May 2024 11:41:15.401" StopTime = "19 May 2024 11:50:07.736" />
                <Interval Name = "Facility-Dundee_Satellite_Station-To-Satellite-OirthirSAT AccessIntervals" StartTime = "19 May 2024 21:28:56.533" StopTime = "19 May 2024 21:38:20.101" />
                <Interval Name = "Facility-Dundee_Satellite_Station-To-Satellite-OirthirSAT AccessIntervals" StartTime = "19 May 2024 23:02:28.585" StopTime = "19 May 2024 23:14:26.204" />
                <Interval Name = "Facility-Dundee_Satellite_Station-To-Satellite-OirthirSAT AccessIntervals" StartTime = "20 May 2024 00:36:50.319" StopTime = "20 May 2024 00:47:27.804" />
                <Interval Name = "Facility-Dundee_Satellite_Station-To-Satellite-OirthirSAT AccessIntervals" StartTime = "20 May 2024 02:11:51.057" StopTime = "20 May 2024 02:17:45.616" />
                <Interval Name = "Facility-Dundee_Satellite_Station-To-Satellite-OirthirSAT AccessIntervals" StartTime = "20 May 2024 06:47:06.292" StopTime = "20 May 2024 06:52:29.975" />
                <Interval Name = "Facility-Dundee_Satellite_Station-To-Satellite-OirthirSAT AccessIntervals" StartTime = "20 May 2024 08:17:10.915" StopTime = "20 May 2024 08:27:35.710" />
                <Interval Name = "Facility-Dundee_Satellite_Station-To-Satellite-OirthirSAT AccessIntervals" StartTime = "20 May 2024 09:50:01.250" StopTime = "20 May 2024 10:01:59.714" />
                <Interval Name = "Facility-Dundee_Satellite_Station-To-Satellite-OirthirSAT AccessIntervals" StartTime = "20 May 2024 11:25:51.757" StopTime = "20 May 2024 11:35:37.436" />
                <Interval Name = "Facility-Dundee_Satellite_Station-To-Satellite-OirthirSAT AccessIntervals" StartTime = "20 May 2024 21:14:28.561" StopTime = "20 May 2024 21:22:52.394" />
                <Interval Name = "Facility-Dundee_Satellite_Station-To-Satellite-OirthirSAT AccessIntervals" StartTime = "20 May 2024 22:47:45.004" StopTime = "20 May 2024 22:59:36.824" />
                <Interval Name = "Facility-Dundee_Satellite_Station-To-Satellite-OirthirSAT AccessIntervals" StartTime = "21 May 2024 00:22:01.436" StopTime = "21 May 2024 00:33:04.074" />
                <Interval Name = "Facility-Dundee_Satellite_Station-To-Satellite-OirthirSAT AccessIntervals" StartTime = "21 May 2024 01:56:53.288" StopTime = "21 May 2024 02:03:49.526" />
                <Interval Name = "Facility-Dundee_Satellite_Station-To-Satellite-OirthirSAT AccessIntervals" StartTime = "21 May 2024 06:33:21.792" StopTime = "21 May 2024 06:37:24.313" />
                <Interval Name = "Facility-Dundee_Satellite_Station-To-Satellite-OirthirSAT AccessIntervals" StartTime = "21 May 2024 08:02:52.785" StopTime = "21 May 2024 08:12:45.683" />
                <Interval Name = "Facility-Dundee_Satellite_Station-To-Satellite-OirthirSAT AccessIntervals" StartTime = "21 May 2024 09:35:18.041" StopTime = "21 May 2024 09:47:14.688" />
                <Interval Name = "Facility-Dundee_Satellite_Station-To-Satellite-OirthirSAT AccessIntervals" StartTime = "21 May 2024 11:10:35.880" StopTime = "21 May 2024 11:21:03.171" />
                <Interval Name = "Facility-Dundee_Satellite_Station-To-Satellite-OirthirSAT AccessIntervals" StartTime = "21 May 2024 21:00:08.019" StopTime = "21 May 2024 21:07:13.240" />
                <Interval Name = "Facility-Dundee_Satellite_Station-To-Satellite-OirthirSAT AccessIntervals" StartTime = "21 May 2024 22:33:02.630" StopTime = "21 May 2024 22:44:42.924" />
                <Interval Name = "Facility-Dundee_Satellite_Station-To-Satellite-OirthirSAT AccessIntervals" StartTime = "22 May 2024 00:07:13.296" StopTime = "22 May 2024 00:18:36.494" />
                <Interval Name = "Facility-Dundee_Satellite_Station-To-Satellite-OirthirSAT AccessIntervals" StartTime = "22 May 2024 01:41:58.198" StopTime = "22 May 2024 01:49:48.029" />
                <Interval Name = "Facility-Dundee_Satellite_Station-To-Satellite-OirthirSAT AccessIntervals" StartTime = "22 May 2024 06:19:57.698" StopTime = "22 May 2024 06:22:00.603" />
                <Interval Name = "Facility-Dundee_Satellite_Station-To-Satellite-OirthirSAT AccessIntervals" StartTime = "22 May 2024 07:48:38.593" StopTime = "22 May 2024 07:57:54.745" />
                <Interval Name = "Facility-Dundee_Satellite_Station-To-Satellite-OirthirSAT AccessIntervals" StartTime = "22 May 2024 09:20:38.922" StopTime = "22 May 2024 09:32:28.784" />
                <Interval Name = "Facility-Dundee_Satellite_Station-To-Satellite-OirthirSAT AccessIntervals" StartTime = "22 May 2024 10:55:26.539" StopTime = "22 May 2024 11:06:26.034" />
                <Interval Name = "Facility-Dundee_Satellite_Station-To-Satellite-OirthirSAT AccessIntervals" StartTime = "22 May 2024 12:35:35.354" StopTime = "22 May 2024 12:37:29.311" />
                <Interval Name = "Facility-Dundee_Satellite_Station-To-Satellite-OirthirSAT AccessIntervals" StartTime = "22 May 2024 20:46:01.731" StopTime = "22 May 2024 20:51:15.641" />
                <Interval Name = "Facility-Dundee_Satellite_Station-To-Satellite-OirthirSAT AccessIntervals" StartTime = "22 May 2024 22:18:21.678" StopTime = "22 May 2024 22:29:44.201" />
                <Interval Name = "Facility-Dundee_Satellite_Station-To-Satellite-OirthirSAT AccessIntervals" StartTime = "22 May 2024 23:52:25.895" StopTime = "23 May 2024 00:00:00.000" />
            </Row>
        </ContentView>
    </Views>
    <Views Type = "Time">
        <TimeView FullViewRulerStartTime = "0.000000" FullViewRulerStopTime = "0.000000" GlobalIntervalComp = "AnalysisInterval" GlobalIntervalCompPath = "/Application/STK/Scenario/OirthirSAT" GlobalStartOffset = "0.000000" GlobalStartTime = "16 May 2024 00:00:00.000" GlobalStopOffset = "0.000000" GlobalStopTime = "23 May 2024 00:00:00.000" MaxFullViewTime = "0.000000" MinFullViewTime = "0.000000" Name = "Scenario Analysis Period" ViewportStartTime = "0.000000" ViewportStopTime = "0.000000" />
    </Views>
</TimelineLine_Prefs>